{"train/clip_range":0.2,"train/explained_variance":0.51232874,"_runtime":1433.553002191,"_step":126400,"train/entropy_loss":-1.3486125,"rollout/ep_len_mean":898.7,"time/fps":684,"train/value_loss":0.7829733,"_wandb":{"runtime":1433},"global_step":1003520,"train/approx_kl":0.013273838,"_timestamp":1.7345207116384826e+09,"train/clip_fraction":0.11513672,"rollout/ep_rew_mean":-17.648046,"train/policy_gradient_loss":-0.0020744852,"train/loss":0.03989152,"train/learning_rate":0.0001,"train/std":0.37852645}